{
  "name": "angular-sanitize",
  "version": "1.5.5",
  "license": "MIT",
  "main": "./angular-sanitize.js",
  "ignore": [],
  "dependencies": {
    "angular": "1.5.5"
  },
  "homepage": "https://github.com/angular/bower-angular-sanitize",
  "_release": "1.5.5",
  "_resolution": {
    "type": "version",
    "tag": "v1.5.5",
    "commit": "84a69853f2a591b1b9d000984e6219924aaff016"
  },
  "_source": "https://github.com/angular/bower-angular-sanitize.git",
  "_target": ">= 1.2",
  "_originalSource": "angular-sanitize"
}