{
  "name": "tv4",
  "version": "1.0.17",
  "description": "A public domain JSON Schema validator for JavaScript",
  "keywords": [
    "json-schema",
    "schema",
    "validator",
    "tv4"
  ],
  "license:": [
    {
      "type": "Public Domain",
      "url": "http://geraintluff.github.io/tv4/LICENSE.txt"
    },
    {
      "type": "MIT",
      "url": "http://jsonary.com/LICENSE.txt"
    }
  ],
  "main": "tv4.js",
  "ignore": [
    "*.html",
    "*.txt",
    "*.min.js",
    "*.js.map",
    "*.md",
    "Gruntfile.js",
    "package.json",
    "component.json",
    "bower.json",
    "node_modules",
    "test",
    "try",
    "lang",
    "build",
    "dist",
    "doc",
    "source",
    ".*"
  ],
  "homepage": "https://github.com/geraintluff/tv4",
  "_release": "1.0.17",
  "_resolution": {
    "type": "version",
    "tag": "v1.0.17",
    "commit": "0a1c793e8e6f33b66c5d76a6dde87e13fce46f3e"
  },
  "_source": "https://github.com/geraintluff/tv4.git",
  "_target": "~1.0.15",
  "_originalSource": "tv4"
}